job_title,company_name,company_location,job_listed,job_detail_url,company_link
HR Operations Manager-Sri Lanka,HSBC,"Colombo, Western Province, Sri Lanka",1 week ago,https://lk.linkedin.com/jobs/view/hr-operations-manager-sri-lanka%09-at-hsbc-4231142975?position=1&pageNum=0&refId=7EjvAhmUWylGU8ILLgE84Q%3D%3D&trackingId=ja62SFRsb1PFPQteK%2Bz4dw%3D%3D,https://uk.linkedin.com/company/hsbc?trk=public_jobs_jserp-result_job-search-card-subtitle
People & Culture and Administrative Specialist,lululemon,"Colombo, Western Province, Sri Lanka",2 weeks ago,https://lk.linkedin.com/jobs/view/people-culture-and-administrative-specialist-at-lululemon-4226923090?position=2&pageNum=0&refId=7EjvAhmUWylGU8ILLgE84Q%3D%3D&trackingId=ZqhtKHG3XgSAa%2F95KoO2EA%3D%3D,https://ca.linkedin.com/company/lululemon?trk=public_jobs_jserp-result_job-search-card-subtitle
HR Executive - Talent Acquisition - 0057,NativeWay,"Colombo, Western Province, Sri Lanka",1 day ago,https://lk.linkedin.com/jobs/view/hr-executive-talent-acquisition-0057-at-nativeway-4237935021?position=3&pageNum=0&refId=7EjvAhmUWylGU8ILLgE84Q%3D%3D&trackingId=gcojAX%2BbHghk8dHedo58xQ%3D%3D,https://lk.linkedin.com/company/nativeway?trk=public_jobs_jserp-result_job-search-card-subtitle
HR Assistant,RIU Hotels & Resorts,"Ahungalla, Southern Province, Sri Lanka",3 hours ago,https://lk.linkedin.com/jobs/view/hr-assistant-at-riu-hotels-resorts-4234364536?position=4&pageNum=0&refId=7EjvAhmUWylGU8ILLgE84Q%3D%3D&trackingId=5MKPx%2Bu2J3ClsazcY1fDCw%3D%3D,https://es.linkedin.com/company/riu-hotels-resorts?trk=public_jobs_jserp-result_job-search-card-subtitle
HR Executive,Hype Invention,"Colombo, Western Province, Sri Lanka",3 weeks ago,https://lk.linkedin.com/jobs/view/hr-executive-at-hype-invention-4222203934?position=5&pageNum=0&refId=7EjvAhmUWylGU8ILLgE84Q%3D%3D&trackingId=5itPJJkOmmr8bAFBQWYcZA%3D%3D,https://lk.linkedin.com/company/hype-invention?trk=public_jobs_jserp-result_job-search-card-subtitle
Head of Human Resources,Therighttalent,"Colombo, Western Province, Sri Lanka",4 weeks ago,https://lk.linkedin.com/jobs/view/head-of-human-resources-at-therighttalent-4215860972?position=6&pageNum=0&refId=7EjvAhmUWylGU8ILLgE84Q%3D%3D&trackingId=Y9e3MpB%2B01V7hL6R5og2Og%3D%3D,https://lk.linkedin.com/company/therighttalent-net?trk=public_jobs_jserp-result_job-search-card-subtitle
General Manager Human Resources,CAREER141,"Colombo, Western Province, Sri Lanka",3 days ago,https://lk.linkedin.com/jobs/view/general-manager-human-resources-at-career141-4236918426?position=7&pageNum=0&refId=7EjvAhmUWylGU8ILLgE84Q%3D%3D&trackingId=Sp%2BJgL5mP0xM1q6yX%2FuCKA%3D%3D,https://lk.linkedin.com/company/career-consultants-pvt-ltd?trk=public_jobs_jserp-result_job-search-card-subtitle
HR Executive,Virtusa,"Colombo District, Western Province, Sri Lanka",1 hour ago,https://lk.linkedin.com/jobs/view/hr-executive-at-virtusa-4220024485?position=8&pageNum=0&refId=7EjvAhmUWylGU8ILLgE84Q%3D%3D&trackingId=ISG3ec1LFioh0rZABY%2FC5w%3D%3D,https://www.linkedin.com/company/virtusa?trk=public_jobs_jserp-result_job-search-card-subtitle
Country HR Consultant,Pearson,Sri Lanka,1 month ago,https://lk.linkedin.com/jobs/view/country-hr-consultant-at-pearson-4201237188?position=9&pageNum=0&refId=7EjvAhmUWylGU8ILLgE84Q%3D%3D&trackingId=ntYRj4%2Bc0FjScLWNT2YZnQ%3D%3D,https://uk.linkedin.com/company/pearson?trk=public_jobs_jserp-result_job-search-card-subtitle
Junior Executive- HR Business Development,Smart Quest Consultancy,"Colombo, Western Province, Sri Lanka",4 weeks ago,https://lk.linkedin.com/jobs/view/junior-executive-hr-business-development-at-smart-quest-consultancy-4217818864?position=10&pageNum=0&refId=7EjvAhmUWylGU8ILLgE84Q%3D%3D&trackingId=OrvEuFWOvF9BLxCP%2FMVDHw%3D%3D,https://lk.linkedin.com/company/smart_quest_coaching?trk=public_jobs_jserp-result_job-search-card-subtitle
Human Resources Manager,CAREER141,"Colombo District, Western Province, Sri Lanka",1 day ago,https://lk.linkedin.com/jobs/view/human-resources-manager-at-career141-4238179876?position=1&pageNum=2&refId=dRqYcnMl4On%2FB1fRzSYrOg%3D%3D&trackingId=h4cFqldtnNbxdWFC%2FbtN9g%3D%3D,https://lk.linkedin.com/company/career-consultants-pvt-ltd?trk=public_jobs_jserp-result_job-search-card-subtitle
Human Resources Advisor,Jonas Software,"Colombo, Western Province, Sri Lanka",4 weeks ago,https://lk.linkedin.com/jobs/view/human-resources-advisor-at-jonas-software-4206217860?position=2&pageNum=2&refId=dRqYcnMl4On%2FB1fRzSYrOg%3D%3D&trackingId=UkmxblfNQp0d0lmZvf7rAA%3D%3D,https://ca.linkedin.com/company/jonas-software?trk=public_jobs_jserp-result_job-search-card-subtitle
Human Resources Manager,Therighttalent,"Negombo, Western Province, Sri Lanka",22 hours ago,https://lk.linkedin.com/jobs/view/human-resources-manager-at-therighttalent-4235899082?position=3&pageNum=2&refId=dRqYcnMl4On%2FB1fRzSYrOg%3D%3D&trackingId=WLfGwKiDXevTlr6ZPQgTQg%3D%3D,https://lk.linkedin.com/company/therighttalent-net?trk=public_jobs_jserp-result_job-search-card-subtitle
Intern – People & Culture,Q4US,"Colombo, Western Province, Sri Lanka",2 days ago,https://lk.linkedin.com/jobs/view/intern-%E2%80%93-people-culture-at-q4us-4237584350?position=4&pageNum=2&refId=dRqYcnMl4On%2FB1fRzSYrOg%3D%3D&trackingId=T%2FJ1pn4Ida4tkjJsD90B4w%3D%3D,https://fi.linkedin.com/company/q4usdev?trk=public_jobs_jserp-result_job-search-card-subtitle
Chief of Staff,Oceans,Sri Lanka,1 month ago,https://lk.linkedin.com/jobs/view/chief-of-staff-at-oceans-4214271291?position=5&pageNum=2&refId=dRqYcnMl4On%2FB1fRzSYrOg%3D%3D&trackingId=76UpAIuFO35zlEo2O7a1Xw%3D%3D,https://www.linkedin.com/company/oceanstalent?trk=public_jobs_jserp-result_job-search-card-subtitle
Manager Employee Relations and HRBP,Therighttalent,"Colombo, Western Province, Sri Lanka",1 week ago,https://lk.linkedin.com/jobs/view/manager-employee-relations-and-hrbp-at-therighttalent-4231170264?position=6&pageNum=2&refId=dRqYcnMl4On%2FB1fRzSYrOg%3D%3D&trackingId=gynndxOenskAWD8XUcrnng%3D%3D,https://lk.linkedin.com/company/therighttalent-net?trk=public_jobs_jserp-result_job-search-card-subtitle
Assistant Manager - HR Operations - 0002,NativeWay,"Colombo, Western Province, Sri Lanka",2 months ago,https://lk.linkedin.com/jobs/view/assistant-manager-hr-operations-0002-at-nativeway-4169976205?position=7&pageNum=2&refId=dRqYcnMl4On%2FB1fRzSYrOg%3D%3D&trackingId=XQ3Pxgg%2FGrTmtFLNpoaNvA%3D%3D,https://lk.linkedin.com/company/nativeway?trk=public_jobs_jserp-result_job-search-card-subtitle
Human Resources Consultant,CAREER141,"Colombo, Western Province, Sri Lanka",2 days ago,https://lk.linkedin.com/jobs/view/human-resources-consultant-at-career141-4237315572?position=8&pageNum=2&refId=dRqYcnMl4On%2FB1fRzSYrOg%3D%3D&trackingId=4w%2BKC%2BJKteHS1CQLfJ0msA%3D%3D,https://lk.linkedin.com/company/career-consultants-pvt-ltd?trk=public_jobs_jserp-result_job-search-card-subtitle
Senior  Executive - HR Operation and Analytics,Therighttalent,"Colombo, Western Province, Sri Lanka",1 week ago,https://lk.linkedin.com/jobs/view/senior-%E2%80%8B%E2%80%8B%E2%80%8B%E2%80%8B%E2%80%8B%E2%80%8B%E2%80%8Bexecutive-hr-operation-and-analytics-at-therighttalent-4228755578?position=9&pageNum=2&refId=dRqYcnMl4On%2FB1fRzSYrOg%3D%3D&trackingId=I0pY3YaIYpT%2FEl%2Bm%2FZ9htA%3D%3D,https://lk.linkedin.com/company/therighttalent-net?trk=public_jobs_jserp-result_job-search-card-subtitle
Chief People Officer,ACCA Careers,"Colombo, Western Province, Sri Lanka",1 week ago,https://lk.linkedin.com/jobs/view/chief-people-officer-at-acca-careers-4231163313?position=10&pageNum=2&refId=dRqYcnMl4On%2FB1fRzSYrOg%3D%3D&trackingId=IGFtPZ8bpawS0MAtWqL0lg%3D%3D,https://uk.linkedin.com/company/acca-careers?trk=public_jobs_jserp-result_job-search-card-subtitle
"Administrator, Property Services",Melco Resorts & Entertainment,"Colombo, Western Province, Sri Lanka",2 weeks ago,https://lk.linkedin.com/jobs/view/administrator-property-services-at-melco-resorts-entertainment-4055924336?position=1&pageNum=5&refId=8lOkXZYlri72zz3QaIdxwg%3D%3D&trackingId=6W%2FQFY1dbeWaiEipkycYtg%3D%3D,https://hk.linkedin.com/company/melco-resorts-entertainment?trk=public_jobs_jserp-result_job-search-card-subtitle
Assistant Manager Customer Service,Avery Dennison,"Colombo, Western Province, Sri Lanka",2 weeks ago,https://lk.linkedin.com/jobs/view/assistant-manager-customer-service-at-avery-dennison-4228914915?position=2&pageNum=5&refId=8lOkXZYlri72zz3QaIdxwg%3D%3D&trackingId=BHK%2BLijAQTx%2BOdZiF80TRQ%3D%3D,https://www.linkedin.com/company/avery-dennison?trk=public_jobs_jserp-result_job-search-card-subtitle
Senior Generalist - People & Culture,BCD Travel,"Colombo, Western Province, Sri Lanka",2 weeks ago,https://lk.linkedin.com/jobs/view/senior-generalist-people-culture-at-bcd-travel-4224381421?position=3&pageNum=5&refId=8lOkXZYlri72zz3QaIdxwg%3D%3D&trackingId=IkBPbHuUhjVywhH57Bebug%3D%3D,https://nl.linkedin.com/company/bcd-travel?trk=public_jobs_jserp-result_job-search-card-subtitle
Senior Executive - Business Development,Quess Lanka,"Colombo, Western Province, Sri Lanka",3 weeks ago,https://lk.linkedin.com/jobs/view/senior-executive-business-development-at-quess-lanka-4223279625?position=4&pageNum=5&refId=8lOkXZYlri72zz3QaIdxwg%3D%3D&trackingId=OS9TdfQQUgh4o2NyRpT8aw%3D%3D,https://lk.linkedin.com/company/quess-lanka?trk=public_jobs_jserp-result_job-search-card-subtitle
Junior secretary,Smart Quest Consultancy,"Colombo, Western Province, Sri Lanka",1 month ago,https://lk.linkedin.com/jobs/view/junior-secretary-at-smart-quest-consultancy-4204338362?position=5&pageNum=5&refId=8lOkXZYlri72zz3QaIdxwg%3D%3D&trackingId=UEyePLliGMdpW08ejdKdeg%3D%3D,https://lk.linkedin.com/company/smart_quest_coaching?trk=public_jobs_jserp-result_job-search-card-subtitle
Analyst,FIBC Lanka (Pvt) Ltd,"Polonnaruwa, North Central Province, Sri Lanka",2 weeks ago,https://lk.linkedin.com/jobs/view/analyst-at-fibc-lanka-pvt-ltd-4226931079?position=6&pageNum=5&refId=8lOkXZYlri72zz3QaIdxwg%3D%3D&trackingId=i%2Fgx0MC1j8M56YekLl764g%3D%3D,https://lk.linkedin.com/company/fibc-lanka-pvt-ltd?trk=public_jobs_jserp-result_job-search-card-subtitle
Regional Support Lead – Lower South Island,Playcentre Aotearoa,"Badulla District, Uva Province, Sri Lanka",1 week ago,https://lk.linkedin.com/jobs/view/regional-support-lead-%E2%80%93-lower-south-island-at-playcentre-aotearoa-4232715012?position=7&pageNum=5&refId=8lOkXZYlri72zz3QaIdxwg%3D%3D&trackingId=mLO61giJK8jtQODGGUkrlg%3D%3D,https://nz.linkedin.com/company/playcentreaotearoa?trk=public_jobs_jserp-result_job-search-card-subtitle
Associate Trainer,Oceans,"Colombo, Western Province, Sri Lanka",2 weeks ago,https://lk.linkedin.com/jobs/view/associate-trainer-at-oceans-4228896531?position=8&pageNum=5&refId=8lOkXZYlri72zz3QaIdxwg%3D%3D&trackingId=CAs0mhTYFiLK6IQv3Ch8gw%3D%3D,https://www.linkedin.com/company/oceanstalent?trk=public_jobs_jserp-result_job-search-card-subtitle
Senior Accountant,Chargeurs PCC Fashion Technologies,"Dehiwala, Western Province, Sri Lanka",6 days ago,https://lk.linkedin.com/jobs/view/senior-accountant-at-chargeurs-pcc-fashion-technologies-4232888242?position=9&pageNum=5&refId=8lOkXZYlri72zz3QaIdxwg%3D%3D&trackingId=WUhscCLnV9fi78opIY3vtA%3D%3D,https://fr.linkedin.com/company/chargeurs-pcc?trk=public_jobs_jserp-result_job-search-card-subtitle
Admin Executive/Assistant,GlobalSync Solutions,"Colombo, Western Province, Sri Lanka",1 hour ago,https://lk.linkedin.com/jobs/view/admin-executive-assistant-at-globalsync-solutions-4236566340?position=10&pageNum=5&refId=8lOkXZYlri72zz3QaIdxwg%3D%3D&trackingId=P0fUAidhhyNkf3HXNftg%2FA%3D%3D,https://lk.linkedin.com/company/globalsyncsolutions?trk=public_jobs_jserp-result_job-search-card-subtitle
CS Executive,Bluesky HR Consultancy Inc.,"Colombo, Western Province, Sri Lanka",2 months ago,https://lk.linkedin.com/jobs/view/cs-executive-at-bluesky-hr-consultancy-inc-4172619539?position=1&pageNum=7&refId=RRYsPJvcIGRNk4Sqc7ljXA%3D%3D&trackingId=4TstkLgm%2BNzn%2BovpUPK69w%3D%3D,https://www.linkedin.com/company/bluesky-hr-consultancy-inc?trk=public_jobs_jserp-result_job-search-card-subtitle
"Assistant Manager, Business Development - Priority Clients",Standard Chartered,"Colombo, Western Province, Sri Lanka",4 months ago,https://lk.linkedin.com/jobs/view/assistant-manager-business-development-priority-clients-at-standard-chartered-4131404861?position=2&pageNum=7&refId=RRYsPJvcIGRNk4Sqc7ljXA%3D%3D&trackingId=6g8hnQFNT1mEleM4XSYuhw%3D%3D,https://uk.linkedin.com/company/standardchartered?trk=public_jobs_jserp-result_job-search-card-subtitle
Telesales Executive (Air Ticketing),AGRA HR Partner,"Colombo, Western Province, Sri Lanka",2 days ago,https://lk.linkedin.com/jobs/view/telesales-executive-air-ticketing-at-agra-hr-partner-4237554188?position=3&pageNum=7&refId=RRYsPJvcIGRNk4Sqc7ljXA%3D%3D&trackingId=v6lq2AzJNCSxdp8CegxV7w%3D%3D,https://www.linkedin.com/company/agrahrpartner?trk=public_jobs_jserp-result_job-search-card-subtitle
Legal Officer,Koko,"Colombo, Western Province, Sri Lanka",1 day ago,https://lk.linkedin.com/jobs/view/legal-officer-at-koko-4235826324?position=4&pageNum=7&refId=RRYsPJvcIGRNk4Sqc7ljXA%3D%3D&trackingId=bmqjMi0nuUMKJ6LHq8O4Yw%3D%3D,https://lk.linkedin.com/company/paykokoapp?trk=public_jobs_jserp-result_job-search-card-subtitle
Legal Executive,Roar Global,"Colombo, Western Province, Sri Lanka",1 month ago,https://lk.linkedin.com/jobs/view/legal-executive-at-roar-global-4211247367?position=5&pageNum=7&refId=RRYsPJvcIGRNk4Sqc7ljXA%3D%3D&trackingId=qBD0%2BZSzCYHbTq3Ue3m6CQ%3D%3D,https://sg.linkedin.com/company/roarglobal?trk=public_jobs_jserp-result_job-search-card-subtitle
Junior Executive Internal Audit,Talent Bridge HR Consultants,"Colombo, Western Province, Sri Lanka",2 hours ago,https://lk.linkedin.com/jobs/view/junior-executive-internal-audit-at-talent-bridge-hr-consultants-4236556966?position=6&pageNum=7&refId=RRYsPJvcIGRNk4Sqc7ljXA%3D%3D&trackingId=VUXZDeh0W90qexr7VKlHIw%3D%3D,https://www.linkedin.com/company/talent-bridge-hr-consultants?trk=public_jobs_jserp-result_job-search-card-subtitle
Talent Acquisition Specialist (Executive / Sr. Executive) - Chinese Speaking,Bluesky HR Consultancy Inc.,"Colombo, Western Province, Sri Lanka",1 month ago,https://lk.linkedin.com/jobs/view/talent-acquisition-specialist-executive-sr-executive-chinese-speaking-at-bluesky-hr-consultancy-inc-4204840717?position=7&pageNum=7&refId=RRYsPJvcIGRNk4Sqc7ljXA%3D%3D&trackingId=o5kaPVEeq2%2BEe%2B0tUL74zQ%3D%3D,https://www.linkedin.com/company/bluesky-hr-consultancy-inc?trk=public_jobs_jserp-result_job-search-card-subtitle
Senior Business Analyst,Jobfactory,"Dehiwala, Western Province, Sri Lanka",23 hours ago,https://lk.linkedin.com/jobs/view/senior-business-analyst-at-jobfactory-4235882674?position=8&pageNum=7&refId=RRYsPJvcIGRNk4Sqc7ljXA%3D%3D&trackingId=eS16F8xuxnE2tS0SDWwPLA%3D%3D,https://lk.linkedin.com/company/jobfactory?trk=public_jobs_jserp-result_job-search-card-subtitle
Technical Project Lead/Associate Project Lead,OrangeHRM,"Colombo, Western Province, Sri Lanka",1 month ago,https://lk.linkedin.com/jobs/view/technical-project-lead-associate-project-lead-at-orangehrm-4210730584?position=9&pageNum=7&refId=RRYsPJvcIGRNk4Sqc7ljXA%3D%3D&trackingId=xcsjc1lOBEQwwBsHq%2FCBEA%3D%3D,https://www.linkedin.com/company/orangehrm?trk=public_jobs_jserp-result_job-search-card-subtitle
Senior Mortgage Specialist,The Global BPO,"Colombo, Western Province, Sri Lanka",5 days ago,https://lk.linkedin.com/jobs/view/senior-mortgage-specialist-at-the-global-bpo-4233528205?position=10&pageNum=7&refId=RRYsPJvcIGRNk4Sqc7ljXA%3D%3D&trackingId=Jp8ibmFFRVzSk3ixp0YT2g%3D%3D,https://au.linkedin.com/company/the-global-bpo?trk=public_jobs_jserp-result_job-search-card-subtitle
DevOps Engineer - HR DevOps,Next,"Colombo, Western Province, Sri Lanka",6 days ago,https://lk.linkedin.com/jobs/view/devops-engineer-hr-devops-at-next-4218803316?position=1&pageNum=10&refId=H%2FpEN5JUBulUhLe2x58yQA%3D%3D&trackingId=LNQ5caFhUwLM8NbGuvG%2FuA%3D%3D,https://uk.linkedin.com/company/lifeatnext?trk=public_jobs_jserp-result_job-search-card-subtitle
SAP ABAP Senior Consultant,Alp Consulting Ltd.,"Colombo, Western Province, Sri Lanka",2 days ago,https://lk.linkedin.com/jobs/view/sap-abap-senior-consultant-at-alp-consulting-ltd-4235096725?position=2&pageNum=10&refId=H%2FpEN5JUBulUhLe2x58yQA%3D%3D&trackingId=kRwJxRGBcXU3CMPOKRQaPA%3D%3D,https://in.linkedin.com/company/alp-consulting-ltd.?trk=public_jobs_jserp-result_job-search-card-subtitle
Technical Product Manager,OrangeHRM,"Colombo, Western Province, Sri Lanka",6 months ago,https://lk.linkedin.com/jobs/view/technical-product-manager-at-orangehrm-4078865126?position=3&pageNum=10&refId=H%2FpEN5JUBulUhLe2x58yQA%3D%3D&trackingId=aS5zg1D3QI9QAQoZg1whqQ%3D%3D,https://www.linkedin.com/company/orangehrm?trk=public_jobs_jserp-result_job-search-card-subtitle
Software Architect,hSenid Business Solutions,"Colombo, Western Province, Sri Lanka",1 week ago,https://lk.linkedin.com/jobs/view/software-architect-at-hsenid-business-solutions-4231655602?position=4&pageNum=10&refId=H%2FpEN5JUBulUhLe2x58yQA%3D%3D&trackingId=5Ynh5HIHm3LVNBOFBEqPmA%3D%3D,https://lk.linkedin.com/company/hsenid-business-solutions?trk=public_jobs_jserp-result_job-search-card-subtitle
Senior MEP Quantity Surveyor - Post Contract - 0018,NativeWay,"Colombo, Western Province, Sri Lanka",2 months ago,https://lk.linkedin.com/jobs/view/senior-mep-quantity-surveyor-post-contract-0018-at-nativeway-4169973703?position=5&pageNum=10&refId=H%2FpEN5JUBulUhLe2x58yQA%3D%3D&trackingId=CfQ2rmCISxmvalGRau13pA%3D%3D,https://lk.linkedin.com/company/nativeway?trk=public_jobs_jserp-result_job-search-card-subtitle
Chartered Accountant,AGRA HR Partner,"Colombo, Western Province, Sri Lanka",3 days ago,https://lk.linkedin.com/jobs/view/chartered-accountant-at-agra-hr-partner-4234683065?position=6&pageNum=10&refId=H%2FpEN5JUBulUhLe2x58yQA%3D%3D&trackingId=J6TGMeE52Fxwr8VCutvu1w%3D%3D,https://www.linkedin.com/company/agrahrpartner?trk=public_jobs_jserp-result_job-search-card-subtitle
Associate Hardware Specialist,MiHCM,"Colombo, Western Province, Sri Lanka",2 days ago,https://lk.linkedin.com/jobs/view/associate-hardware-specialist-at-mihcm-4235099401?position=7&pageNum=10&refId=H%2FpEN5JUBulUhLe2x58yQA%3D%3D&trackingId=NkBdl3uqfNMDsigxClNxbA%3D%3D,https://my.linkedin.com/company/mihcmhq?trk=public_jobs_jserp-result_job-search-card-subtitle
Multimedia Designer,AuroraRCM,"Colombo, Western Province, Sri Lanka",3 weeks ago,https://lk.linkedin.com/jobs/view/multimedia-designer-at-aurorarcm-4224843501?position=8&pageNum=10&refId=H%2FpEN5JUBulUhLe2x58yQA%3D%3D&trackingId=D3qg5S8aq%2Budxet3up%2FNXg%3D%3D,https://www.linkedin.com/company/aurora-rcm?trk=public_jobs_jserp-result_job-search-card-subtitle
SAP ABAP Senior Consultant,EY,"Colombo, Western Province, Sri Lanka",1 week ago,https://lk.linkedin.com/jobs/view/sap-abap-senior-consultant-at-ey-4216052756?position=9&pageNum=10&refId=H%2FpEN5JUBulUhLe2x58yQA%3D%3D&trackingId=XX%2FFTplAnY2VkDDwNpqyIA%3D%3D,https://uk.linkedin.com/company/ernstandyoung?trk=public_jobs_jserp-result_job-search-card-subtitle
SAP ABAP - Senior Consultant,EY,"Colombo, Western Province, Sri Lanka",1 week ago,https://lk.linkedin.com/jobs/view/sap-abap-senior-consultant-at-ey-4232296721?position=10&pageNum=10&refId=H%2FpEN5JUBulUhLe2x58yQA%3D%3D&trackingId=blbxuWA2P21YiasC00mhOw%3D%3D,https://uk.linkedin.com/company/ernstandyoung?trk=public_jobs_jserp-result_job-search-card-subtitle
